{"Atelectasis": 0.45944878458976746, "Consolidation": 0.5119838714599609, "Infiltration": 0.5200909376144409, "Pneumothorax": 0.5002479553222656, "Edema": 0.028902415186166763, "Emphysema": 0.4293544292449951, "Fibrosis": 0.5042321681976318, "Effusion": 0.4124939739704132, "Pneumonia": 0.0033250534906983376, "Pleural_Thickening": 0.4667920470237732, "Cardiomegaly": 0.33433061838150024, "Nodule": 0.5223361253738403, "Mass": 0.6009727120399475, "Hernia": 0.03925665095448494, "Lung Lesion": 0.01822087913751602, "Fracture": 0.5060235261917114, "Lung Opacity": 0.7981016635894775, "Enlarged Cardiomediastinum": 0.5038244724273682}