{"Atelectasis": 0.03217381238937378, "Consolidation": 0.07021141797304153, "Infiltration": 0.20840056240558624, "Pneumothorax": 0.09820844233036041, "Edema": 0.00011405718396417797, "Emphysema": 0.011497906409204006, "Fibrosis": 0.1795319765806198, "Effusion": 0.012032981030642986, "Pneumonia": 0.0002153818786609918, "Pleural_Thickening": 0.08072720468044281, "Cardiomegaly": 0.0014851170126348734, "Nodule": 0.20033152401447296, "Mass": 0.21068444848060608, "Hernia": 0.00459931930527091, "Lung Lesion": 7.41701151127927e-05, "Fracture": 0.06754845380783081, "Lung Opacity": 0.11273051053285599, "Enlarged Cardiomediastinum": 0.005950393155217171}