{"Atelectasis": 0.10820816457271576, "Consolidation": 0.07359154522418976, "Infiltration": 0.5286509990692139, "Pneumothorax": 0.030612371861934662, "Edema": 0.0038531895261257887, "Emphysema": 0.0207518357783556, "Fibrosis": 0.08495864272117615, "Effusion": 0.03160111606121063, "Pneumonia": 0.004618050064891577, "Pleural_Thickening": 0.04244857281446457, "Cardiomegaly": 0.21898819506168365, "Nodule": 0.4212191104888916, "Mass": 0.1438397467136383, "Hernia": 0.00047964262194000185, "Lung Lesion": 0.010462523438036442, "Fracture": 0.16109542548656464, "Lung Opacity": 0.056614212691783905, "Enlarged Cardiomediastinum": 0.06395574659109116}