{"Atelectasis": 0.15955297648906708, "Consolidation": 0.091922827064991, "Infiltration": 0.27587175369262695, "Pneumothorax": 0.23894348740577698, "Edema": 0.013350321911275387, "Emphysema": 0.5010994672775269, "Fibrosis": 0.5206528902053833, "Effusion": 0.051287516951560974, "Pneumonia": 0.020517630502581596, "Pleural_Thickening": 0.33715423941612244, "Cardiomegaly": 0.3028413951396942, "Nodule": 0.5020085573196411, "Mass": 0.22714939713478088, "Hernia": 0.009242373518645763, "Lung Lesion": 0.012699241749942303, "Fracture": 0.056229304522275925, "Lung Opacity": 0.1540747582912445, "Enlarged Cardiomediastinum": 0.07966266572475433}