{"Atelectasis": 0.5175102949142456, "Consolidation": 0.5020341873168945, "Infiltration": 0.50682532787323, "Pneumothorax": 0.5005155801773071, "Edema": 0.08264683932065964, "Emphysema": 0.5009453296661377, "Fibrosis": 0.3112933337688446, "Effusion": 0.215138241648674, "Pneumonia": 0.10813422501087189, "Pleural_Thickening": 0.2215031236410141, "Cardiomegaly": 0.3345642387866974, "Nodule": 0.5061433911323547, "Mass": 0.532520055770874, "Hernia": 0.17188052833080292, "Lung Lesion": 0.018434060737490654, "Fracture": 0.5248085260391235, "Lung Opacity": 0.5785051584243774, "Enlarged Cardiomediastinum": 0.5024051666259766}