{"Atelectasis": 0.10820826143026352, "Consolidation": 0.07359154522418976, "Infiltration": 0.5286509990692139, "Pneumothorax": 0.030612371861934662, "Edema": 0.0038531895261257887, "Emphysema": 0.0207518357783556, "Fibrosis": 0.08495867997407913, "Effusion": 0.031601134687662125, "Pneumonia": 0.004618051927536726, "Pleural_Thickening": 0.04244857281446457, "Cardiomegaly": 0.21898813545703888, "Nodule": 0.4212191104888916, "Mass": 0.14383982121944427, "Hernia": 0.00047964262194000185, "Lung Lesion": 0.01046252902597189, "Fracture": 0.16109542548656464, "Lung Opacity": 0.05661425739526749, "Enlarged Cardiomediastinum": 0.06395567953586578}