{"Atelectasis": 0.27853861451148987, "Consolidation": 0.5036743879318237, "Infiltration": 0.38528695702552795, "Pneumothorax": 0.5014407634735107, "Edema": 0.011872722767293453, "Emphysema": 0.5001375079154968, "Fibrosis": 0.5019625425338745, "Effusion": 0.24573756754398346, "Pneumonia": 0.004021689761430025, "Pleural_Thickening": 0.5011644959449768, "Cardiomegaly": 0.07993907481431961, "Nodule": 0.46883711218833923, "Mass": 0.5534696578979492, "Hernia": 0.026984665542840958, "Lung Lesion": 0.0031188533175736666, "Fracture": 0.5059138536453247, "Lung Opacity": 0.7038528919219971, "Enlarged Cardiomediastinum": 0.49410757422447205}