{"Atelectasis": 0.15337516367435455, "Consolidation": 0.5194025039672852, "Infiltration": 0.5784430503845215, "Pneumothorax": 0.5025286674499512, "Edema": 0.24065762758255005, "Emphysema": 0.5052889585494995, "Fibrosis": 0.517194390296936, "Effusion": 0.20818167924880981, "Pneumonia": 0.4216935932636261, "Pleural_Thickening": 0.5043961405754089, "Cardiomegaly": 0.2026858925819397, "Nodule": 0.5085316896438599, "Mass": 0.5129914283752441, "Hernia": 0.0056800395250320435, "Lung Lesion": 0.025851817801594734, "Fracture": 0.3292926847934723, "Lung Opacity": 0.8589417934417725, "Enlarged Cardiomediastinum": 0.5426950454711914}