{"Atelectasis": 0.01602957956492901, "Consolidation": 0.06330512464046478, "Infiltration": 0.5006903409957886, "Pneumothorax": 0.10964474081993103, "Edema": 0.0004002158821094781, "Emphysema": 0.06811877340078354, "Fibrosis": 0.4067886173725128, "Effusion": 0.008557370863854885, "Pneumonia": 0.01068858616054058, "Pleural_Thickening": 0.15752901136875153, "Cardiomegaly": 0.0030624158680438995, "Nodule": 0.22959107160568237, "Mass": 0.02407314069569111, "Hernia": 0.0003269193693995476, "Lung Lesion": 0.0013973203022032976, "Fracture": 0.06604623049497604, "Lung Opacity": 0.04867861047387123, "Enlarged Cardiomediastinum": 0.016355786472558975}