{"Atelectasis": 0.11179367452859879, "Consolidation": 0.05699107050895691, "Infiltration": 0.2778324782848358, "Pneumothorax": 0.08478391170501709, "Edema": 5.776934267487377e-05, "Emphysema": 0.015488808043301105, "Fibrosis": 0.500524640083313, "Effusion": 0.011737056076526642, "Pneumonia": 0.00169239635579288, "Pleural_Thickening": 0.1611792892217636, "Cardiomegaly": 0.00027032638899981976, "Nodule": 0.17681041359901428, "Mass": 0.08874396979808807, "Hernia": 0.011449990794062614, "Lung Lesion": 0.0001063094096025452, "Fracture": 0.05170947313308716, "Lung Opacity": 0.04409416392445564, "Enlarged Cardiomediastinum": 0.0048242975026369095}