{"Atelectasis": 0.03217381238937378, "Consolidation": 0.07021135836839676, "Infiltration": 0.20840053260326385, "Pneumothorax": 0.09820834547281265, "Edema": 0.00011405729310354218, "Emphysema": 0.011497906409204006, "Fibrosis": 0.1795319765806198, "Effusion": 0.012032975442707539, "Pneumonia": 0.0002153820969397202, "Pleural_Thickening": 0.08072713017463684, "Cardiomegaly": 0.0014851156156510115, "Nodule": 0.20033152401447296, "Mass": 0.21068444848060608, "Hernia": 0.0045993151143193245, "Lung Lesion": 7.41701151127927e-05, "Fracture": 0.06754845380783081, "Lung Opacity": 0.11273051053285599, "Enlarged Cardiomediastinum": 0.005950390361249447}