{"Atelectasis": 0.15955288708209991, "Consolidation": 0.091922827064991, "Infiltration": 0.27587181329727173, "Pneumothorax": 0.2389436960220337, "Edema": 0.01335030235350132, "Emphysema": 0.5010994672775269, "Fibrosis": 0.5206528902053833, "Effusion": 0.05128750205039978, "Pneumonia": 0.020517630502581596, "Pleural_Thickening": 0.33715423941612244, "Cardiomegaly": 0.3028411269187927, "Nodule": 0.5020085573196411, "Mass": 0.22714927792549133, "Hernia": 0.00924238283187151, "Lung Lesion": 0.012699217535555363, "Fracture": 0.056229304522275925, "Lung Opacity": 0.1540747582912445, "Enlarged Cardiomediastinum": 0.07966262847185135}