{"Atelectasis": 0.5175102949142456, "Consolidation": 0.5020341873168945, "Infiltration": 0.50682532787323, "Pneumothorax": 0.5005155801773071, "Edema": 0.08264688402414322, "Emphysema": 0.5009453296661377, "Fibrosis": 0.31129348278045654, "Effusion": 0.2151382714509964, "Pneumonia": 0.10813422501087189, "Pleural_Thickening": 0.2215031236410141, "Cardiomegaly": 0.33456432819366455, "Nodule": 0.5061433911323547, "Mass": 0.532520055770874, "Hernia": 0.17188043892383575, "Lung Lesion": 0.018434053286910057, "Fracture": 0.5248085260391235, "Lung Opacity": 0.5785051584243774, "Enlarged Cardiomediastinum": 0.5024051666259766}